{
    "pjm": {
        "name": "PJM Regional Grid (US)",
        "mape": 1.5715179443359375,
        "mae": 0.006210049614310265,
        "loss": 6.526890501845628e-05,
        "epochs": 13,
        "training_time": 1073.3468418121338
    },
    "uk": {
        "name": "UK National Grid",
        "mape": 4.455546855926514,
        "mae": 0.04385823383927345,
        "loss": 0.0019281484419479966,
        "epochs": 7,
        "training_time": 453.51129722595215
    },
    "uci": {
        "name": "UCI Household",
        "mape": 58.80819320678711,
        "mae": 0.05185779556632042,
        "loss": 0.0057817730121314526,
        "epochs": 15,
        "training_time": 453.8446133136749
    }
}