{
    "baseline": {
        "MAE": 0.005713946246980337,
        "MSE": 5.522711697278081e-05,
        "RMSE": 0.007431494935259043,
        "MAPE": 1.4614180773293608,
        "R2": 0.99609561235664
    },
    "ga_lstm": {
        "MAE": 0.005713946246980337,
        "MSE": 5.522711697278081e-05,
        "RMSE": 0.007431494935259043,
        "MAPE": 1.4614180773293608,
        "R2": 0.99609561235664
    },
    "improvement": {
        "mae_improvement": 0.0,
        "rmse_improvement": 0.0,
        "mape_improvement": 0.0
    }
}